n,Bubble,Insertion,Merge,Quick
1,8e-08,4e-08,8e-08,4e-08
5,2e-07,1.6e-07,1.3e-06,2.2e-07
10,5.6e-07,3.2e-07,2.54e-06,4e-07
25,3.08e-06,1.34e-06,7.06e-06,1.26e-06
50,1.022e-05,3.2e-06,1.458e-05,2.76e-06
100,3.558e-05,1.012e-05,2.93e-05,6.46e-06
300,0.00029698,0.00011328,0.00010064,2.344e-05
500,0.00076302,0.00030004,0.00017086,4.512e-05
1000,0.00312196,0.00114186,0.00033824,9.29e-05
2000,0.012997,0.00495848,0.00069004,0.0002252
